-- ============================================================
-- DATA SEED — Run AFTER all schema/function/trigger/RLS scripts
-- Generated: 2026-03-16
-- ============================================================
-- IMPORTANT: User auth records (auth.users) must be created
-- separately via Supabase Auth signup. The user_ids referenced
-- here must match those auth records.
-- ============================================================

-- ── PROFILES ──
INSERT INTO profiles (id, user_id, full_name, company_name, phone, avatar_url, onboarding_completed, is_super_admin, clerk_level, clerk_rating, clerk_jobs_completed, provider_id, terms_agreed_at, non_circumvention_agreed_at, verification_status, verification_documents, created_at, updated_at) VALUES ('adc8037e-fd42-4eed-bf8b-9ea29b0802d7', '53b88938-8daf-4fe4-9679-86b0b37fc542', 'Xenio Clerk', NULL, '07700123456', NULL, true, false, 1, 0, 0, NULL, NULL, '2026-02-17 08:54:08.14+00', 'verified', '[]', '2026-02-17 07:53:16.032727+00', '2026-02-24 07:16:50.252316+00');
INSERT INTO profiles (id, user_id, full_name, company_name, phone, avatar_url, onboarding_completed, is_super_admin, clerk_level, clerk_rating, clerk_jobs_completed, provider_id, terms_agreed_at, non_circumvention_agreed_at, verification_status, verification_documents, created_at, updated_at) VALUES ('2fcb91ee-1628-4475-b9e7-45614607460e', '37c86d98-6465-4a9c-aa8f-f66744cded96', 'Leanne Harris', NULL, NULL, NULL, true, false, 1, 0, 0, NULL, '2026-02-23 10:25:04.142+00', NULL, 'unverified', '[]', '2026-02-23 10:24:30.571667+00', '2026-02-23 10:25:04.195075+00');
INSERT INTO profiles (id, user_id, full_name, company_name, phone, avatar_url, onboarding_completed, is_super_admin, clerk_level, clerk_rating, clerk_jobs_completed, provider_id, terms_agreed_at, non_circumvention_agreed_at, verification_status, verification_documents, created_at, updated_at) VALUES ('cbf9135d-a271-4abf-93c8-cd2d78ad529d', '98fc680c-0fa7-4be7-bf62-7df7ce22f405', 'Leah rawlings', NULL, NULL, NULL, true, false, 1, 0, 0, NULL, '2026-02-24 11:15:04.454+00', NULL, 'unverified', '[]', '2026-02-24 11:14:59.326881+00', '2026-02-24 11:15:04.500185+00');
INSERT INTO profiles (id, user_id, full_name, company_name, phone, avatar_url, onboarding_completed, is_super_admin, clerk_level, clerk_rating, clerk_jobs_completed, provider_id, terms_agreed_at, non_circumvention_agreed_at, verification_status, verification_documents, created_at, updated_at) VALUES ('5a6a9f73-823b-43f9-b121-7107c5b1e8a1', '9934a3ae-6ac1-4029-9b78-062118784ee3', 'Daryn Mukoyi', NULL, NULL, NULL, true, false, 1, 0, 0, NULL, '2026-02-26 09:27:46.033+00', NULL, 'unverified', '[]', '2026-02-26 09:26:51.26126+00', '2026-02-26 09:27:46.003773+00');
INSERT INTO profiles (id, user_id, full_name, company_name, phone, avatar_url, onboarding_completed, is_super_admin, clerk_level, clerk_rating, clerk_jobs_completed, provider_id, terms_agreed_at, non_circumvention_agreed_at, verification_status, verification_documents, created_at, updated_at) VALUES ('518d3e29-d23d-47c1-bd26-865702c5727e', '4a04f7ea-a1f0-4b4d-a644-34c1e9e44c6f', 'Harry Munden', NULL, NULL, NULL, true, false, 1, 0, 0, NULL, '2026-02-26 09:29:09.836+00', NULL, 'unverified', '[]', '2026-02-26 09:29:01.562182+00', '2026-02-26 09:29:09.894654+00');
INSERT INTO profiles (id, user_id, full_name, company_name, phone, avatar_url, onboarding_completed, is_super_admin, clerk_level, clerk_rating, clerk_jobs_completed, provider_id, terms_agreed_at, non_circumvention_agreed_at, verification_status, verification_documents, created_at, updated_at) VALUES ('9a9c627d-8d55-4e1f-807a-7e4919ec248e', '913bab42-f544-481b-bb19-5f53720d75d4', 'Liam Rodd', NULL, NULL, NULL, true, false, 1, 0, 0, NULL, NULL, '2026-03-02 16:33:36.514+00', 'verified', '[]', '2026-03-02 16:33:27.516349+00', '2026-03-03 14:08:41.233839+00');
INSERT INTO profiles (id, user_id, full_name, company_name, phone, avatar_url, onboarding_completed, is_super_admin, clerk_level, clerk_rating, clerk_jobs_completed, provider_id, terms_agreed_at, non_circumvention_agreed_at, verification_status, verification_documents, created_at, updated_at) VALUES ('d7fb0e66-05ec-45c5-87ac-c51f88129785', 'f6947d7f-1b12-4d25-a8d0-fc4792905ed3', 'LISTD Admin', NULL, NULL, NULL, true, true, 1, 0, 0, NULL, '2026-03-13 16:50:31.984+00', NULL, 'unverified', '[]', '2026-03-13 16:50:19.160422+00', '2026-03-13 18:27:32.557561+00');

-- ── USER_ROLES ──
INSERT INTO user_roles (id, user_id, role, created_at) VALUES ('5110a56e-2853-4fde-b297-63a5863826da', '53b88938-8daf-4fe4-9679-86b0b37fc542', 'clerk', '2026-02-17 07:53:15.939699+00');
INSERT INTO user_roles (id, user_id, role, created_at) VALUES ('f10c29de-3bcf-4b02-8b3a-a1c2d0ded1da', '37c86d98-6465-4a9c-aa8f-f66744cded96', 'client', '2026-02-23 10:24:30.464425+00');
INSERT INTO user_roles (id, user_id, role, created_at) VALUES ('45d04fb0-d038-40e8-9cce-1cd82cda1426', '98fc680c-0fa7-4be7-bf62-7df7ce22f405', 'client', '2026-02-24 11:14:59.176045+00');
INSERT INTO user_roles (id, user_id, role, created_at) VALUES ('1a854db1-f17f-411f-9ca6-6758b7014690', '9934a3ae-6ac1-4029-9b78-062118784ee3', 'client', '2026-02-26 09:26:51.088852+00');
INSERT INTO user_roles (id, user_id, role, created_at) VALUES ('8c15d381-6906-4e91-9596-23ac98dc67c2', '4a04f7ea-a1f0-4b4d-a644-34c1e9e44c6f', 'client', '2026-02-26 09:29:01.472911+00');
INSERT INTO user_roles (id, user_id, role, created_at) VALUES ('d7380283-cac2-4c2c-a063-fd695056a772', '913bab42-f544-481b-bb19-5f53720d75d4', 'clerk', '2026-03-02 16:33:27.35381+00');
INSERT INTO user_roles (id, user_id, role, created_at) VALUES ('d718f376-7ac5-4bdf-926e-0de2a896f397', 'f6947d7f-1b12-4d25-a8d0-fc4792905ed3', 'admin', '2026-03-13 16:50:19.042219+00');

-- ── ORGANISATIONS ──
INSERT INTO organisations (id, name, created_by, created_at, updated_at) VALUES ('fb695684-8e7d-4198-b1d7-71b941d598b0', 'Leanne Harris', '37c86d98-6465-4a9c-aa8f-f66744cded96', '2026-02-24 06:31:31.84031+00', '2026-02-24 06:31:31.84031+00');
INSERT INTO organisations (id, name, created_by, created_at, updated_at) VALUES ('55f47eed-a1c1-4ad1-bf38-5016da8156d0', 'LISTD Pro', 'f6947d7f-1b12-4d25-a8d0-fc4792905ed3', '2026-02-24 06:31:31.84031+00', '2026-03-13 18:26:02.155438+00');
INSERT INTO organisations (id, name, created_by, created_at, updated_at) VALUES ('f2a0ca3a-e9a6-4631-a979-eaa7634a799a', 'My Organisation', '98fc680c-0fa7-4be7-bf62-7df7ce22f405', '2026-02-24 11:14:59.176045+00', '2026-02-24 11:14:59.176045+00');
INSERT INTO organisations (id, name, created_by, created_at, updated_at) VALUES ('f51748a0-c8eb-4dbd-8ee3-cd297d344c68', 'My Organisation', '9934a3ae-6ac1-4029-9b78-062118784ee3', '2026-02-26 09:26:51.088852+00', '2026-02-26 09:26:51.088852+00');
INSERT INTO organisations (id, name, created_by, created_at, updated_at) VALUES ('fafcb8fe-9be8-426e-be48-34606610abbb', 'My Organisation', '4a04f7ea-a1f0-4b4d-a644-34c1e9e44c6f', '2026-02-26 09:29:01.472911+00', '2026-02-26 09:29:01.472911+00');

-- ── ORGANISATION_MEMBERS ──
INSERT INTO organisation_members (id, organisation_id, user_id, org_role, status, invite_token, invited_at, invited_email, last_active_at, created_at) VALUES ('10fe1193-44b9-4fd7-80fe-ebdd18223512', 'fb695684-8e7d-4198-b1d7-71b941d598b0', '37c86d98-6465-4a9c-aa8f-f66744cded96', 'owner', 'active', '47a1d22c-2a5b-44bf-978d-31ab7400a6e5', NULL, NULL, NULL, '2026-02-24 06:31:31.84031+00');
INSERT INTO organisation_members (id, organisation_id, user_id, org_role, status, invite_token, invited_at, invited_email, last_active_at, created_at) VALUES ('9aff1cbf-1cc7-4a67-a6d5-af61c2eee701', 'f2a0ca3a-e9a6-4631-a979-eaa7634a799a', '98fc680c-0fa7-4be7-bf62-7df7ce22f405', 'owner', 'active', 'c1c77ad3-ef6a-4b88-928f-70e9deaa7ac7', NULL, NULL, NULL, '2026-02-24 11:14:59.176045+00');
INSERT INTO organisation_members (id, organisation_id, user_id, org_role, status, invite_token, invited_at, invited_email, last_active_at, created_at) VALUES ('919cd55d-1d57-4114-b8cb-74247156ef06', 'f51748a0-c8eb-4dbd-8ee3-cd297d344c68', '9934a3ae-6ac1-4029-9b78-062118784ee3', 'owner', 'active', '9cbffc55-de8c-46e9-92ba-2f8755377d06', NULL, NULL, NULL, '2026-02-26 09:26:51.088852+00');
INSERT INTO organisation_members (id, organisation_id, user_id, org_role, status, invite_token, invited_at, invited_email, last_active_at, created_at) VALUES ('cd4a1309-67c9-4464-9ba6-b42819451b53', 'fafcb8fe-9be8-426e-be48-34606610abbb', '4a04f7ea-a1f0-4b4d-a644-34c1e9e44c6f', 'owner', 'active', '4f22d291-0ebe-401a-9fa9-ce69235708f4', NULL, NULL, NULL, '2026-02-26 09:29:01.472911+00');
INSERT INTO organisation_members (id, organisation_id, user_id, org_role, status, invite_token, invited_at, invited_email, last_active_at, created_at) VALUES ('9e2f110a-ccf1-4c57-a420-726fb236883d', 'f51748a0-c8eb-4dbd-8ee3-cd297d344c68', 'ca0fd845-900b-4cb9-903f-c6729fea0c43', 'staff', 'invited', '296ff47f-3ce8-4ebd-8c50-767613ceb7d8', '2026-02-26 14:09:24.103+00', 'hmunden@andrewsonline.co.uk', NULL, '2026-02-26 14:09:24.143123+00');
INSERT INTO organisation_members (id, organisation_id, user_id, org_role, status, invite_token, invited_at, invited_email, last_active_at, created_at) VALUES ('dc952a5c-c6d1-4e09-8c0a-db62862514a8', '55f47eed-a1c1-4ad1-bf38-5016da8156d0', 'f6947d7f-1b12-4d25-a8d0-fc4792905ed3', 'owner', 'active', '5b93a18e-7c50-4374-9705-d236d5f2fa93', NULL, NULL, NULL, '2026-03-13 18:26:02.741797+00');

-- ── PROPERTIES ──
INSERT INTO properties (id, client_id, address_line_1, address_line_2, city, postcode, property_type, bedrooms, bathrooms, kitchens, living_rooms, dining_areas, utility_rooms, storage_rooms, hallways_stairs, gardens, communal_areas, furnished_status, heavily_furnished, organisation_id, notes, created_at, updated_at) VALUES ('a4769069-b972-4696-8aab-1d19f8534939', 'f6947d7f-1b12-4d25-a8d0-fc4792905ed3', 'Flat 400', '97 Coldharbour Road', 'Bristol', 'BS6 7SA', 'studio', 2, 1, 1, 1, 0, 0, 0, 0, 0, 0, 'unfurnished', false, '55f47eed-a1c1-4ad1-bf38-5016da8156d0', '', '2026-02-17 07:51:18.58982+00', '2026-03-13 18:26:49.794202+00');
INSERT INTO properties (id, client_id, address_line_1, address_line_2, city, postcode, property_type, bedrooms, bathrooms, kitchens, living_rooms, dining_areas, utility_rooms, storage_rooms, hallways_stairs, gardens, communal_areas, furnished_status, heavily_furnished, organisation_id, notes, created_at, updated_at) VALUES ('a30c3f26-a935-4943-a1d0-6d4a1cc52165', 'f6947d7f-1b12-4d25-a8d0-fc4792905ed3', 'Doe Street', '97 Coldharbour Road', 'Bristol', 'BS6 7SA', 'studio', 0, 1, 1, 1, 1, 1, 1, 1, 1, 2, 'furnished', false, '55f47eed-a1c1-4ad1-bf38-5016da8156d0', 'key at branch', '2026-02-17 08:48:15.48598+00', '2026-03-13 18:26:49.794202+00');
INSERT INTO properties (id, client_id, address_line_1, address_line_2, city, postcode, property_type, bedrooms, bathrooms, kitchens, living_rooms, dining_areas, utility_rooms, storage_rooms, hallways_stairs, gardens, communal_areas, furnished_status, heavily_furnished, organisation_id, notes, created_at, updated_at) VALUES ('9c7028eb-da02-48a9-b71c-54a70a7212a5', 'f6947d7f-1b12-4d25-a8d0-fc4792905ed3', 'Planet Namek', 'Namekians', 'Trinary Star', 'WR4 8TG', 'studio', 1, 1, 1, 1, 0, 0, 0, 0, 0, 0, 'furnished', false, '07b76e8b-2333-41fe-97b7-b998ae642f0a', '', '2026-02-20 18:37:38.413002+00', '2026-03-13 18:26:49.794202+00');
INSERT INTO properties (id, client_id, address_line_1, address_line_2, city, postcode, property_type, bedrooms, bathrooms, kitchens, living_rooms, dining_areas, utility_rooms, storage_rooms, hallways_stairs, gardens, communal_areas, furnished_status, heavily_furnished, organisation_id, notes, created_at, updated_at) VALUES ('e1f20546-80c4-495f-a07f-880bbe890460', '37c86d98-6465-4a9c-aa8f-f66744cded96', '63 Graylag Crescent', 'Walton Cardiff', 'Tewkesbury', 'BS7 0BW', 'studio', 1, 1, 1, 1, 1, 0, 0, 0, 0, 0, 'unfurnished', false, 'fb695684-8e7d-4198-b1d7-71b941d598b0', '', '2026-02-23 10:31:09.058907+00', '2026-02-24 06:31:31.84031+00');
INSERT INTO properties (id, client_id, address_line_1, address_line_2, city, postcode, property_type, bedrooms, bathrooms, kitchens, living_rooms, dining_areas, utility_rooms, storage_rooms, hallways_stairs, gardens, communal_areas, furnished_status, heavily_furnished, organisation_id, notes, created_at, updated_at) VALUES ('46905769-c964-4d59-8c99-52ff4f600535', '98fc680c-0fa7-4be7-bf62-7df7ce22f405', '31 Corinthian Court', '', 'Bristol', 'BS1 6FE', '2_bed', 2, 1, 1, 1, 0, 0, 0, 0, 0, 0, 'unfurnished', false, 'f2a0ca3a-e9a6-4631-a979-eaa7634a799a', E'garage comes with the property \nTenants details: \nThandanani - 07770171750\nPambana - 07846665203', '2026-02-24 11:18:45.584585+00', '2026-02-24 11:18:45.584585+00');
INSERT INTO properties (id, client_id, address_line_1, address_line_2, city, postcode, property_type, bedrooms, bathrooms, kitchens, living_rooms, dining_areas, utility_rooms, storage_rooms, hallways_stairs, gardens, communal_areas, furnished_status, heavily_furnished, organisation_id, notes, created_at, updated_at) VALUES ('79420eb3-6468-4f3f-b920-be03977e0548', '4a04f7ea-a1f0-4b4d-a644-34c1e9e44c6f', '9 Raphael Court', 'Somerset Street', 'Bristol', 'BS16FF', '2_bed', 2, 1, 1, 1, 0, 0, 0, 0, 0, 0, 'unfurnished', false, 'fafcb8fe-9be8-426e-be48-34606610abbb', 'On street parking ', '2026-02-26 09:32:50.896248+00', '2026-02-26 13:49:34.12758+00');
INSERT INTO properties (id, client_id, address_line_1, address_line_2, city, postcode, property_type, bedrooms, bathrooms, kitchens, living_rooms, dining_areas, utility_rooms, storage_rooms, hallways_stairs, gardens, communal_areas, furnished_status, heavily_furnished, organisation_id, notes, created_at, updated_at) VALUES ('7213a74c-50c8-4420-ade0-feaec88671b1', '4a04f7ea-a1f0-4b4d-a644-34c1e9e44c6f', '211 Armidale Place ', '', 'Bristol', 'BS65BQ', '2_bed', 1, 1, 1, 1, 0, 0, 0, 0, 0, 0, 'part_furnished', false, 'fafcb8fe-9be8-426e-be48-34606610abbb', 'Parking spot tbc', '2026-02-26 10:28:40.351878+00', '2026-02-26 10:28:40.351878+00');
INSERT INTO properties (id, client_id, address_line_1, address_line_2, city, postcode, property_type, bedrooms, bathrooms, kitchens, living_rooms, dining_areas, utility_rooms, storage_rooms, hallways_stairs, gardens, communal_areas, furnished_status, heavily_furnished, organisation_id, notes, created_at, updated_at) VALUES ('fd59b13f-1f25-4446-82b9-01859f3f9f88', '4a04f7ea-a1f0-4b4d-a644-34c1e9e44c6f', 'Garden Flat ', '139 Redland Road ', 'Bristol', 'BS6 6XX', '2_bed', 2, 1, 1, 1, 0, 0, 0, 0, 0, 0, 'unfurnished', false, 'fafcb8fe-9be8-426e-be48-34606610abbb', 'On street ', '2026-02-26 12:41:23.172777+00', '2026-02-26 12:41:23.172777+00');
INSERT INTO properties (id, client_id, address_line_1, address_line_2, city, postcode, property_type, bedrooms, bathrooms, kitchens, living_rooms, dining_areas, utility_rooms, storage_rooms, hallways_stairs, gardens, communal_areas, furnished_status, heavily_furnished, organisation_id, notes, created_at, updated_at) VALUES ('3555d245-6cc4-4e94-9ab5-06d7c302bc1b', '4a04f7ea-a1f0-4b4d-a644-34c1e9e44c6f', 'Ground Floor ', '4 Belgrave Hill ', 'Bristol', 'BS8 2UA', '1_bed', 1, 1, 1, 1, 0, 0, 0, 0, 0, 0, 'unfurnished', false, 'fafcb8fe-9be8-426e-be48-34606610abbb', 'Spot outside of the property', '2026-02-26 14:36:41.122859+00', '2026-02-26 14:36:41.122859+00');
INSERT INTO properties (id, client_id, address_line_1, address_line_2, city, postcode, property_type, bedrooms, bathrooms, kitchens, living_rooms, dining_areas, utility_rooms, storage_rooms, hallways_stairs, gardens, communal_areas, furnished_status, heavily_furnished, organisation_id, notes, created_at, updated_at) VALUES ('0e417c3b-7f24-4378-8dfc-519b7f3a982f', '4a04f7ea-a1f0-4b4d-a644-34c1e9e44c6f', 'Flat 1', 'Kelston Court, 9 Kelston Road', 'Bristol', 'BS105ES', '1_bed', 1, 1, 1, 1, 0, 0, 0, 0, 0, 0, 'unfurnished', false, 'fafcb8fe-9be8-426e-be48-34606610abbb', 'Parking spot outside of property', '2026-02-26 16:02:49.079521+00', '2026-02-26 16:02:49.079521+00');
INSERT INTO properties (id, client_id, address_line_1, address_line_2, city, postcode, property_type, bedrooms, bathrooms, kitchens, living_rooms, dining_areas, utility_rooms, storage_rooms, hallways_stairs, gardens, communal_areas, furnished_status, heavily_furnished, organisation_id, notes, created_at, updated_at) VALUES ('2d9c56ab-781f-480a-9861-461358f5060b', '4a04f7ea-a1f0-4b4d-a644-34c1e9e44c6f', '209 Kings Quarter Apartments', '15 King Square Avenue', 'Bristol', 'BS2 8HP ', '1_bed', 1, 1, 1, 1, 0, 0, 0, 0, 0, 0, 'furnished', false, 'fafcb8fe-9be8-426e-be48-34606610abbb', 'On street parking', '2026-02-28 09:45:44.970666+00', '2026-02-28 09:45:44.970666+00');
INSERT INTO properties (id, client_id, address_line_1, address_line_2, city, postcode, property_type, bedrooms, bathrooms, kitchens, living_rooms, dining_areas, utility_rooms, storage_rooms, hallways_stairs, gardens, communal_areas, furnished_status, heavily_furnished, organisation_id, notes, created_at, updated_at) VALUES ('f35248b2-88d5-481b-b5d6-4be064b11f85', '4a04f7ea-a1f0-4b4d-a644-34c1e9e44c6f', 'TFF , 22 Cambridge Street', 'Totterdown', 'Bristol', 'BS34TG', '2_bed', 2, 1, 1, 1, 0, 0, 0, 0, 0, 0, 'unfurnished', false, 'fafcb8fe-9be8-426e-be48-34606610abbb', 'On street parking', '2026-02-28 14:12:06.105281+00', '2026-02-28 14:12:06.105281+00');
INSERT INTO properties (id, client_id, address_line_1, address_line_2, city, postcode, property_type, bedrooms, bathrooms, kitchens, living_rooms, dining_areas, utility_rooms, storage_rooms, hallways_stairs, gardens, communal_areas, furnished_status, heavily_furnished, organisation_id, notes, created_at, updated_at) VALUES ('83162f9a-703f-43ff-9aad-c6b5ee0894d6', 'f6947d7f-1b12-4d25-a8d0-fc4792905ed3', 'Crawford Mead', '', 'London', 'SW9 9LK', '2_bed', 2, 1, 1, 1, 0, 0, 0, 0, 0, 0, 'unfurnished', false, '55f47eed-a1c1-4ad1-bf38-5016da8156d0', '5678', '2026-03-03 16:37:18.402252+00', '2026-03-13 18:26:49.794202+00');
INSERT INTO properties (id, client_id, address_line_1, address_line_2, city, postcode, property_type, bedrooms, bathrooms, kitchens, living_rooms, dining_areas, utility_rooms, storage_rooms, hallways_stairs, gardens, communal_areas, furnished_status, heavily_furnished, organisation_id, notes, created_at, updated_at) VALUES ('bf32942f-8638-4810-a4cc-d06fbe74d006', '98fc680c-0fa7-4be7-bf62-7df7ce22f405', '316', '21 West Skypark Road', 'Bristol', 'BS3 3NA', '1_bed', 1, 1, 1, 1, 0, 0, 0, 0, 0, 0, 'furnished', false, 'f2a0ca3a-e9a6-4631-a979-eaa7634a799a', 'no parking on site, keys and a fob to access ', '2026-03-06 11:20:56.07257+00', '2026-03-06 11:20:56.07257+00');
INSERT INTO properties (id, client_id, address_line_1, address_line_2, city, postcode, property_type, bedrooms, bathrooms, kitchens, living_rooms, dining_areas, utility_rooms, storage_rooms, hallways_stairs, gardens, communal_areas, furnished_status, heavily_furnished, organisation_id, notes, created_at, updated_at) VALUES ('0bdab035-d231-4780-afe9-b1f284412ead', 'f6947d7f-1b12-4d25-a8d0-fc4792905ed3', ' Walk', '56', 'Bristol', 'BS6 7SA', '2_bed', 2, 1, 1, 1, 0, 0, 0, 0, 0, 0, 'furnished', false, '55f47eed-a1c1-4ad1-bf38-5016da8156d0', 'jet 2222', '2026-03-06 17:52:23.9562+00', '2026-03-13 18:26:49.794202+00');
INSERT INTO properties (id, client_id, address_line_1, address_line_2, city, postcode, property_type, bedrooms, bathrooms, kitchens, living_rooms, dining_areas, utility_rooms, storage_rooms, hallways_stairs, gardens, communal_areas, furnished_status, heavily_furnished, organisation_id, notes, created_at, updated_at) VALUES ('5a6b874c-3bc5-4088-9c83-ad7c667235eb', '98fc680c-0fa7-4be7-bf62-7df7ce22f405', '23C Elgin Park ', '', 'Bristol', 'BS6 6RX', '1_bed', 1, 1, 1, 1, 0, 0, 0, 0, 0, 0, 'unfurnished', false, 'f2a0ca3a-e9a6-4631-a979-eaa7634a799a', 'no parking - on street ', '2026-03-10 14:41:34.287133+00', '2026-03-10 14:41:34.287133+00');

-- ── JOBS ──
INSERT INTO jobs (id, property_id, client_id, clerk_id, provider_id, inspection_type, inspection_types, scheduled_date, preferred_time_slot, status, service_tier, quoted_price, final_price, clerk_payout, clerk_bonus, clerk_final_payout, clerk_level_at_job, clerk_payout_locked, clerk_payout_breakdown, clerk_payout_log, margin, short_notice_surcharge_applied, special_instructions, organisation_id, created_by_user_id, created_by_name, assigned_by, assigned_by_name, policy_acknowledged_at, tier_acknowledged_at, client_pre_inspection_ack, client_pre_inspection_ack_at, client_report_accepted, client_report_accepted_at, clerk_report_submitted_ack, accepted_at, cancelled_at, cancelled_by, cancellation_fee, inventorybase_job_id, reschedule_requested_at, reschedule_requested_date, reschedule_requested_time_slot, reschedule_status, created_at, updated_at) VALUES ('55df65f6-5a36-4cc9-aa0e-f9adde08546f', 'a4769069-b972-4696-8aab-1d19f8534939', 'f6947d7f-1b12-4d25-a8d0-fc4792905ed3', '53b88938-8daf-4fe4-9679-86b0b37fc542', NULL, 'check_out', NULL, '2026-02-19', 'morning', 'cancelled', 'flex', 50.00, NULL, 25, 0, 25, 1, false, '{}', '[]', 25, false, '[Service tier: flex]', '55f47eed-a1c1-4ad1-bf38-5016da8156d0', 'f6947d7f-1b12-4d25-a8d0-fc4792905ed3', 'LISTD Admin', NULL, NULL, NULL, NULL, false, NULL, false, NULL, false, NULL, NULL, NULL, 0, NULL, NULL, NULL, NULL, NULL, '2026-02-17 07:51:38.833767+00', '2026-03-13 18:26:44.233386+00');
INSERT INTO jobs (id, property_id, client_id, clerk_id, provider_id, inspection_type, inspection_types, scheduled_date, preferred_time_slot, status, service_tier, quoted_price, final_price, clerk_payout, clerk_bonus, clerk_final_payout, clerk_level_at_job, clerk_payout_locked, clerk_payout_breakdown, clerk_payout_log, margin, short_notice_surcharge_applied, special_instructions, organisation_id, created_by_user_id, created_by_name, assigned_by, assigned_by_name, policy_acknowledged_at, tier_acknowledged_at, client_pre_inspection_ack, client_pre_inspection_ack_at, client_report_accepted, client_report_accepted_at, clerk_report_submitted_ack, accepted_at, cancelled_at, cancelled_by, cancellation_fee, inventorybase_job_id, reschedule_requested_at, reschedule_requested_date, reschedule_requested_time_slot, reschedule_status, created_at, updated_at) VALUES ('96b50b7b-c7c7-4d2d-86ef-37364dbbf92b', 'a30c3f26-a935-4943-a1d0-6d4a1cc52165', 'f6947d7f-1b12-4d25-a8d0-fc4792905ed3', '53b88938-8daf-4fe4-9679-86b0b37fc542', NULL, 'new_inventory', NULL, '2026-02-19', 'afternoon', 'cancelled', 'flex', 70.00, NULL, 25, 0, 25, 1, false, '{}', '[]', 45, false, '[Service tier: flex]', '55f47eed-a1c1-4ad1-bf38-5016da8156d0', 'f6947d7f-1b12-4d25-a8d0-fc4792905ed3', 'LISTD Admin', NULL, NULL, NULL, NULL, false, NULL, false, NULL, false, NULL, NULL, NULL, 0, NULL, NULL, NULL, NULL, NULL, '2026-02-17 08:48:42.299294+00', '2026-03-13 18:26:44.233386+00');
INSERT INTO jobs (id, property_id, client_id, clerk_id, provider_id, inspection_type, inspection_types, scheduled_date, preferred_time_slot, status, service_tier, quoted_price, final_price, clerk_payout, clerk_bonus, clerk_final_payout, clerk_level_at_job, clerk_payout_locked, clerk_payout_breakdown, clerk_payout_log, margin, short_notice_surcharge_applied, special_instructions, organisation_id, created_by_user_id, created_by_name, assigned_by, assigned_by_name, policy_acknowledged_at, tier_acknowledged_at, client_pre_inspection_ack, client_pre_inspection_ack_at, client_report_accepted, client_report_accepted_at, clerk_report_submitted_ack, accepted_at, cancelled_at, cancelled_by, cancellation_fee, inventorybase_job_id, reschedule_requested_at, reschedule_requested_date, reschedule_requested_time_slot, reschedule_status, created_at, updated_at) VALUES ('9e001d51-86a2-412c-91bc-bf2bf84e60fb', '9c7028eb-da02-48a9-b71c-54a70a7212a5', 'f6947d7f-1b12-4d25-a8d0-fc4792905ed3', NULL, NULL, 'new_inventory', NULL, '2026-02-26', 'morning', 'cancelled', 'flex', 70.00, NULL, 25, 0, 25, 1, false, '{}', '[]', 45, false, '[Service tier: flex]', '07b76e8b-2333-41fe-97b7-b998ae642f0a', 'f6947d7f-1b12-4d25-a8d0-fc4792905ed3', 'LISTD Admin', NULL, NULL, '2026-02-20 18:39:21.192+00', '2026-02-20 18:39:21.192+00', false, NULL, false, NULL, false, NULL, NULL, NULL, 0, NULL, NULL, NULL, NULL, NULL, '2026-02-20 18:39:21.272687+00', '2026-03-13 18:26:46.056728+00');
INSERT INTO jobs (id, property_id, client_id, clerk_id, provider_id, inspection_type, inspection_types, scheduled_date, preferred_time_slot, status, service_tier, quoted_price, final_price, clerk_payout, clerk_bonus, clerk_final_payout, clerk_level_at_job, clerk_payout_locked, clerk_payout_breakdown, clerk_payout_log, margin, short_notice_surcharge_applied, special_instructions, organisation_id, created_by_user_id, created_by_name, assigned_by, assigned_by_name, policy_acknowledged_at, tier_acknowledged_at, client_pre_inspection_ack, client_pre_inspection_ack_at, client_report_accepted, client_report_accepted_at, clerk_report_submitted_ack, accepted_at, cancelled_at, cancelled_by, cancellation_fee, inventorybase_job_id, reschedule_requested_at, reschedule_requested_date, reschedule_requested_time_slot, reschedule_status, created_at, updated_at) VALUES ('d8321242-4d1f-40c5-8baa-e528e3c31fe1', 'e1f20546-80c4-495f-a07f-880bbe890460', '37c86d98-6465-4a9c-aa8f-f66744cded96', '53b88938-8daf-4fe4-9679-86b0b37fc542', NULL, 'new_inventory', NULL, '2026-02-25', 'morning', 'cancelled', 'core', 70.00, NULL, 25, 0, 25, 1, false, '{}', '[]', 45, false, '[Service tier: core]', 'fb695684-8e7d-4198-b1d7-71b941d598b0', NULL, NULL, NULL, NULL, '2026-02-23 10:33:08.525+00', '2026-02-23 10:33:08.525+00', true, '2026-02-23 10:43:34.29+00', false, NULL, false, NULL, NULL, NULL, 0, NULL, NULL, NULL, NULL, NULL, '2026-02-23 10:33:08.830623+00', '2026-02-24 06:31:31.84031+00');
INSERT INTO jobs (id, property_id, client_id, clerk_id, provider_id, inspection_type, inspection_types, scheduled_date, preferred_time_slot, status, service_tier, quoted_price, final_price, clerk_payout, clerk_bonus, clerk_final_payout, clerk_level_at_job, clerk_payout_locked, clerk_payout_breakdown, clerk_payout_log, margin, short_notice_surcharge_applied, special_instructions, organisation_id, created_by_user_id, created_by_name, assigned_by, assigned_by_name, policy_acknowledged_at, tier_acknowledged_at, client_pre_inspection_ack, client_pre_inspection_ack_at, client_report_accepted, client_report_accepted_at, clerk_report_submitted_ack, accepted_at, cancelled_at, cancelled_by, cancellation_fee, inventorybase_job_id, reschedule_requested_at, reschedule_requested_date, reschedule_requested_time_slot, reschedule_status, created_at, updated_at) VALUES ('88d63a5f-78f5-4b61-a612-c7827c8c4da8', 'a30c3f26-a935-4943-a1d0-6d4a1cc52165', 'f6947d7f-1b12-4d25-a8d0-fc4792905ed3', '53b88938-8daf-4fe4-9679-86b0b37fc542', NULL, 'new_inventory', NULL, '2026-02-25', 'afternoon', 'cancelled', 'core', 150.00, NULL, 25, 0, 25, 1, false, '{}', '[]', 125, false, E'[Service tier: core]\n\n[Additional services: check_in]', '55f47eed-a1c1-4ad1-bf38-5016da8156d0', 'f6947d7f-1b12-4d25-a8d0-fc4792905ed3', 'LISTD Admin', NULL, NULL, '2026-02-23 13:16:10.63+00', '2026-02-23 13:16:10.63+00', true, '2026-02-23 13:16:27.807+00', false, NULL, false, NULL, NULL, NULL, 0, NULL, '2026-02-23 14:07:00.142+00', '2026-02-26', 'evening', 'pending', '2026-02-23 13:16:10.767602+00', '2026-03-13 18:26:44.233386+00');
INSERT INTO jobs (id, property_id, client_id, clerk_id, provider_id, inspection_type, inspection_types, scheduled_date, preferred_time_slot, status, service_tier, quoted_price, final_price, clerk_payout, clerk_bonus, clerk_final_payout, clerk_level_at_job, clerk_payout_locked, clerk_payout_breakdown, clerk_payout_log, margin, short_notice_surcharge_applied, special_instructions, organisation_id, created_by_user_id, created_by_name, assigned_by, assigned_by_name, policy_acknowledged_at, tier_acknowledged_at, client_pre_inspection_ack, client_pre_inspection_ack_at, client_report_accepted, client_report_accepted_at, clerk_report_submitted_ack, accepted_at, cancelled_at, cancelled_by, cancellation_fee, inventorybase_job_id, reschedule_requested_at, reschedule_requested_date, reschedule_requested_time_slot, reschedule_status, created_at, updated_at) VALUES ('0a9689ee-f989-4897-a12d-c15061d9d929', 'a30c3f26-a935-4943-a1d0-6d4a1cc52165', 'f6947d7f-1b12-4d25-a8d0-fc4792905ed3', NULL, NULL, 'new_inventory', NULL, '2026-02-27', 'evening', 'cancelled', 'core', 130.00, NULL, 25, 0, 25, 1, false, '{}', '[]', 105, false, E'[Service tier: core]\n\n[Additional services: check_in]', '55f47eed-a1c1-4ad1-bf38-5016da8156d0', 'f6947d7f-1b12-4d25-a8d0-fc4792905ed3', 'LISTD Admin', NULL, NULL, '2026-02-23 19:34:31.085+00', '2026-02-23 19:34:31.085+00', false, NULL, false, NULL, false, NULL, NULL, NULL, 0, NULL, NULL, NULL, NULL, NULL, '2026-02-23 19:34:31.221045+00', '2026-03-13 18:26:44.233386+00');
INSERT INTO jobs (id, property_id, client_id, clerk_id, provider_id, inspection_type, inspection_types, scheduled_date, preferred_time_slot, status, service_tier, quoted_price, final_price, clerk_payout, clerk_bonus, clerk_final_payout, clerk_level_at_job, clerk_payout_locked, clerk_payout_breakdown, clerk_payout_log, margin, short_notice_surcharge_applied, special_instructions, organisation_id, created_by_user_id, created_by_name, assigned_by, assigned_by_name, policy_acknowledged_at, tier_acknowledged_at, client_pre_inspection_ack, client_pre_inspection_ack_at, client_report_accepted, client_report_accepted_at, clerk_report_submitted_ack, accepted_at, cancelled_at, cancelled_by, cancellation_fee, inventorybase_job_id, reschedule_requested_at, reschedule_requested_date, reschedule_requested_time_slot, reschedule_status, created_at, updated_at) VALUES ('845d36ae-a81c-422d-a2a5-7a041ccd65f0', '46905769-c964-4d59-8c99-52ff4f600535', '98fc680c-0fa7-4be7-bf62-7df7ce22f405', '53b88938-8daf-4fe4-9679-86b0b37fc542', NULL, 'new_inventory', NULL, '2026-03-04', 'morning', 'accepted', 'core', 160.00, NULL, 35, 0, 35, 1, false, '{}', '[]', 125, false, E'[Service tier: core]\n\n[Additional services: check_in]\n\nGarage ', 'f2a0ca3a-e9a6-4631-a979-eaa7634a799a', '98fc680c-0fa7-4be7-bf62-7df7ce22f405', 'Leah rawlings', NULL, NULL, '2026-02-24 11:20:40.052+00', '2026-02-24 11:20:40.052+00', false, NULL, false, NULL, false, NULL, NULL, NULL, 0, 'invbase7162802', NULL, NULL, NULL, NULL, '2026-02-24 11:20:40.249969+00', '2026-02-26 14:16:45.787783+00');
INSERT INTO jobs (id, property_id, client_id, clerk_id, provider_id, inspection_type, inspection_types, scheduled_date, preferred_time_slot, status, service_tier, quoted_price, final_price, clerk_payout, clerk_bonus, clerk_final_payout, clerk_level_at_job, clerk_payout_locked, clerk_payout_breakdown, clerk_payout_log, margin, short_notice_surcharge_applied, special_instructions, organisation_id, created_by_user_id, created_by_name, assigned_by, assigned_by_name, policy_acknowledged_at, tier_acknowledged_at, client_pre_inspection_ack, client_pre_inspection_ack_at, client_report_accepted, client_report_accepted_at, clerk_report_submitted_ack, accepted_at, cancelled_at, cancelled_by, cancellation_fee, inventorybase_job_id, reschedule_requested_at, reschedule_requested_date, reschedule_requested_time_slot, reschedule_status, created_at, updated_at) VALUES ('88610906-8db8-42c5-9643-89346bca0af9', 'a4769069-b972-4696-8aab-1d19f8534939', 'f6947d7f-1b12-4d25-a8d0-fc4792905ed3', '53b88938-8daf-4fe4-9679-86b0b37fc542', NULL, 'new_inventory', NULL, '2026-02-28', 'morning', 'cancelled', 'core', 160.00, NULL, 25, 0, 25, 1, false, '{}', '[]', 135, false, E'[Service tier: core]\n\n[Additional services: check_in]', '55f47eed-a1c1-4ad1-bf38-5016da8156d0', 'f6947d7f-1b12-4d25-a8d0-fc4792905ed3', 'LISTD Admin', NULL, NULL, '2026-02-25 09:22:27.098+00', '2026-02-25 09:22:27.098+00', true, '2026-02-25 09:26:14.145+00', false, NULL, false, NULL, NULL, NULL, 0, NULL, NULL, NULL, NULL, NULL, '2026-02-25 09:22:27.458429+00', '2026-03-13 18:26:44.233386+00');
INSERT INTO jobs (id, property_id, client_id, clerk_id, provider_id, inspection_type, inspection_types, scheduled_date, preferred_time_slot, status, service_tier, quoted_price, final_price, clerk_payout, clerk_bonus, clerk_final_payout, clerk_level_at_job, clerk_payout_locked, clerk_payout_breakdown, clerk_payout_log, margin, short_notice_surcharge_applied, special_instructions, organisation_id, created_by_user_id, created_by_name, assigned_by, assigned_by_name, policy_acknowledged_at, tier_acknowledged_at, client_pre_inspection_ack, client_pre_inspection_ack_at, client_report_accepted, client_report_accepted_at, clerk_report_submitted_ack, accepted_at, cancelled_at, cancelled_by, cancellation_fee, inventorybase_job_id, reschedule_requested_at, reschedule_requested_date, reschedule_requested_time_slot, reschedule_status, created_at, updated_at) VALUES ('a24b53d6-803f-464f-a4d2-97b023c86107', 'a30c3f26-a935-4943-a1d0-6d4a1cc52165', 'f6947d7f-1b12-4d25-a8d0-fc4792905ed3', '53b88938-8daf-4fe4-9679-86b0b37fc542', NULL, 'new_inventory', NULL, '2026-02-28', 'afternoon', 'cancelled', 'core', 140.00, NULL, 25, 0, 25, 1, false, '{"base": 25, "size": "studio", "tier": "core", "addOns": [], "addOnsTotal": 0, "inspectionType": "new_inventory"}', '[{"payout": 25, "reason": "job_created", "timestamp": "2026-02-25T18:20:19.800Z"}]', 115, false, E'[Service tier: core]\n\n[Additional services: check_in]\n\nKey code is 3045', '55f47eed-a1c1-4ad1-bf38-5016da8156d0', 'f6947d7f-1b12-4d25-a8d0-fc4792905ed3', 'LISTD Admin', NULL, NULL, '2026-02-25 18:20:19.799+00', '2026-02-25 18:20:19.799+00', true, '2026-02-25 18:20:36.714+00', false, NULL, false, NULL, NULL, NULL, 0, NULL, NULL, NULL, NULL, NULL, '2026-02-25 18:20:19.981625+00', '2026-03-13 18:26:44.233386+00');
INSERT INTO jobs (id, property_id, client_id, clerk_id, provider_id, inspection_type, inspection_types, scheduled_date, preferred_time_slot, status, service_tier, quoted_price, final_price, clerk_payout, clerk_bonus, clerk_final_payout, clerk_level_at_job, clerk_payout_locked, clerk_payout_breakdown, clerk_payout_log, margin, short_notice_surcharge_applied, special_instructions, organisation_id, created_by_user_id, created_by_name, assigned_by, assigned_by_name, policy_acknowledged_at, tier_acknowledged_at, client_pre_inspection_ack, client_pre_inspection_ack_at, client_report_accepted, client_report_accepted_at, clerk_report_submitted_ack, accepted_at, cancelled_at, cancelled_by, cancellation_fee, inventorybase_job_id, reschedule_requested_at, reschedule_requested_date, reschedule_requested_time_slot, reschedule_status, created_at, updated_at) VALUES ('90220a5d-15c7-48d4-b0f1-74af0cf628f4', '79420eb3-6468-4f3f-b920-be03977e0548', '4a04f7ea-a1f0-4b4d-a644-34c1e9e44c6f', '53b88938-8daf-4fe4-9679-86b0b37fc542', NULL, 'check_in', NULL, '2026-03-02', NULL, 'accepted', 'core', 160.00, NULL, 20, 0, 20, 1, false, '{"base": 20, "size": "2_bed", "tier": "core", "addOns": [], "addOnsTotal": 0, "inspectionType": "check_in"}', '[{"payout": 20, "reason": "job_created", "timestamp": "2026-02-26T09:34:57.375Z"}]', 140, false, E'[Service tier: core]\n\n[Additional services: new_inventory]\n\nGarage number 9', 'fafcb8fe-9be8-426e-be48-34606610abbb', '4a04f7ea-a1f0-4b4d-a644-34c1e9e44c6f', 'Harry Munden', NULL, NULL, '2026-02-26 09:34:57.375+00', '2026-02-26 09:34:57.375+00', false, NULL, false, NULL, false, NULL, NULL, NULL, 0, 'invbase7171892', NULL, NULL, NULL, NULL, '2026-02-26 09:34:57.513151+00', '2026-02-26 14:16:44.359373+00');
INSERT INTO jobs (id, property_id, client_id, clerk_id, provider_id, inspection_type, inspection_types, scheduled_date, preferred_time_slot, status, service_tier, quoted_price, final_price, clerk_payout, clerk_bonus, clerk_final_payout, clerk_level_at_job, clerk_payout_locked, clerk_payout_breakdown, clerk_payout_log, margin, short_notice_surcharge_applied, special_instructions, organisation_id, created_by_user_id, created_by_name, assigned_by, assigned_by_name, policy_acknowledged_at, tier_acknowledged_at, client_pre_inspection_ack, client_pre_inspection_ack_at, client_report_accepted, client_report_accepted_at, clerk_report_submitted_ack, accepted_at, cancelled_at, cancelled_by, cancellation_fee, inventorybase_job_id, reschedule_requested_at, reschedule_requested_date, reschedule_requested_time_slot, reschedule_status, created_at, updated_at) VALUES ('e5150394-481a-41f7-a58d-8c47dace5f62', '7213a74c-50c8-4420-ade0-feaec88671b1', '4a04f7ea-a1f0-4b4d-a644-34c1e9e44c6f', '53b88938-8daf-4fe4-9679-86b0b37fc542', NULL, 'check_in', NULL, '2026-03-07', NULL, 'accepted', 'core', 145.00, NULL, 20, 0, 20, 1, false, '{"base": 20, "size": "2_bed", "tier": "core", "addOns": [], "addOnsTotal": 0, "inspectionType": "check_in"}', '[{"payout": 20, "reason": "job_created", "timestamp": "2026-02-26T11:03:32.885Z"}]', 125, false, E'[Service tier: core]\n\n[Additional services: new_inventory]\n\nParking on street - and a dedicated space tbc', 'fafcb8fe-9be8-426e-be48-34606610abbb', '4a04f7ea-a1f0-4b4d-a644-34c1e9e44c6f', 'Harry Munden', '53b88938-8daf-4fe4-9679-86b0b37fc542', 'Xenio Clerk', '2026-02-26 11:03:32.885+00', '2026-02-26 11:03:32.885+00', false, NULL, false, NULL, false, '2026-02-26 11:11:26.344+00', NULL, NULL, 0, 'invbase7171939', NULL, NULL, NULL, NULL, '2026-02-26 11:03:32.985689+00', '2026-02-26 14:16:42.443159+00');
INSERT INTO jobs (id, property_id, client_id, clerk_id, provider_id, inspection_type, inspection_types, scheduled_date, preferred_time_slot, status, service_tier, quoted_price, final_price, clerk_payout, clerk_bonus, clerk_final_payout, clerk_level_at_job, clerk_payout_locked, clerk_payout_breakdown, clerk_payout_log, margin, short_notice_surcharge_applied, special_instructions, organisation_id, created_by_user_id, created_by_name, assigned_by, assigned_by_name, policy_acknowledged_at, tier_acknowledged_at, client_pre_inspection_ack, client_pre_inspection_ack_at, client_report_accepted, client_report_accepted_at, clerk_report_submitted_ack, accepted_at, cancelled_at, cancelled_by, cancellation_fee, inventorybase_job_id, reschedule_requested_at, reschedule_requested_date, reschedule_requested_time_slot, reschedule_status, created_at, updated_at) VALUES ('86f484ed-bde9-4a00-b878-b9b0e16c7df4', 'fd59b13f-1f25-4446-82b9-01859f3f9f88', '4a04f7ea-a1f0-4b4d-a644-34c1e9e44c6f', '53b88938-8daf-4fe4-9679-86b0b37fc542', NULL, 'new_inventory', NULL, '2026-03-02', NULL, 'accepted', 'core', 160.00, NULL, 35, 0, 35, 1, false, '{"base": 35, "size": "2_bed", "tier": "core", "addOns": [], "addOnsTotal": 0, "inspectionType": "new_inventory"}', '[{"payout": 35, "reason": "job_created", "timestamp": "2026-02-26T12:42:47.054Z"}]', 125, false, E'[Service tier: core]\n\n[Additional services: check_in]\n\nOn street', 'fafcb8fe-9be8-426e-be48-34606610abbb', '4a04f7ea-a1f0-4b4d-a644-34c1e9e44c6f', 'Harry Munden', '53b88938-8daf-4fe4-9679-86b0b37fc542', 'Xenio Clerk', '2026-02-26 12:42:47.053+00', '2026-02-26 12:42:47.053+00', false, NULL, false, NULL, false, '2026-02-26 14:00:26.562+00', NULL, NULL, 0, 'invbase7119943', NULL, NULL, NULL, NULL, '2026-02-26 12:42:47.149337+00', '2026-02-26 14:16:47.179176+00');
INSERT INTO jobs (id, property_id, client_id, clerk_id, provider_id, inspection_type, inspection_types, scheduled_date, preferred_time_slot, status, service_tier, quoted_price, final_price, clerk_payout, clerk_bonus, clerk_final_payout, clerk_level_at_job, clerk_payout_locked, clerk_payout_breakdown, clerk_payout_log, margin, short_notice_surcharge_applied, special_instructions, organisation_id, created_by_user_id, created_by_name, assigned_by, assigned_by_name, policy_acknowledged_at, tier_acknowledged_at, client_pre_inspection_ack, client_pre_inspection_ack_at, client_report_accepted, client_report_accepted_at, clerk_report_submitted_ack, accepted_at, cancelled_at, cancelled_by, cancellation_fee, inventorybase_job_id, reschedule_requested_at, reschedule_requested_date, reschedule_requested_time_slot, reschedule_status, created_at, updated_at) VALUES ('17411a85-008a-4ae9-b113-4ad35d166203', '0e417c3b-7f24-4378-8dfc-519b7f3a982f', '4a04f7ea-a1f0-4b4d-a644-34c1e9e44c6f', '53b88938-8daf-4fe4-9679-86b0b37fc542', NULL, 'new_inventory', NULL, '2026-03-19', NULL, 'accepted', 'core', 140.00, NULL, 30, 0, 30, 1, false, '{"base": 30, "size": "1_bed", "tier": "core", "addOns": [], "addOnsTotal": 0, "inspectionType": "new_inventory"}', '[{"payout": 30, "reason": "job_created", "timestamp": "2026-02-26T16:04:21.777Z"}]', 110, false, E'[Service tier: core]\n\n[Additional services: check_in]\n\nParking outside of property', 'fafcb8fe-9be8-426e-be48-34606610abbb', '4a04f7ea-a1f0-4b4d-a644-34c1e9e44c6f', 'Harry Munden', '53b88938-8daf-4fe4-9679-86b0b37fc542', 'Xenio Clerk', '2026-02-26 16:04:21.776+00', '2026-02-26 16:04:21.776+00', false, NULL, false, NULL, false, '2026-02-26 17:59:54.55+00', NULL, NULL, 0, 'invbase7174161', NULL, NULL, NULL, NULL, '2026-02-26 16:04:22.052049+00', '2026-02-28 22:01:50.045673+00');
INSERT INTO jobs (id, property_id, client_id, clerk_id, provider_id, inspection_type, inspection_types, scheduled_date, preferred_time_slot, status, service_tier, quoted_price, final_price, clerk_payout, clerk_bonus, clerk_final_payout, clerk_level_at_job, clerk_payout_locked, clerk_payout_breakdown, clerk_payout_log, margin, short_notice_surcharge_applied, special_instructions, organisation_id, created_by_user_id, created_by_name, assigned_by, assigned_by_name, policy_acknowledged_at, tier_acknowledged_at, client_pre_inspection_ack, client_pre_inspection_ack_at, client_report_accepted, client_report_accepted_at, clerk_report_submitted_ack, accepted_at, cancelled_at, cancelled_by, cancellation_fee, inventorybase_job_id, reschedule_requested_at, reschedule_requested_date, reschedule_requested_time_slot, reschedule_status, created_at, updated_at) VALUES ('53b4bc89-0164-44ae-b100-05f601fb509f', '2d9c56ab-781f-480a-9861-461358f5060b', '4a04f7ea-a1f0-4b4d-a644-34c1e9e44c6f', '53b88938-8daf-4fe4-9679-86b0b37fc542', NULL, 'new_inventory', ARRAY['new_inventory','check_in']::text[], '2026-03-21', NULL, 'accepted', 'core', 150.00, NULL, 50, 0, 50, 1, false, '{"size": "1_bed", "tier": "core", "bundle": true, "services": [{"base": 30, "type": "new_inventory", "total": 30, "addOns": [], "addOnsTotal": 0}, {"base": 20, "type": "check_in", "total": 20, "addOns": [], "addOnsTotal": 0}], "grandTotal": 50}', '[{"payout": 50, "reason": "job_created", "timestamp": "2026-02-28T09:47:04.032Z"}]', 100, false, E'[Service tier: core]\n\n[Additional services: check_in]\n\nOn street parking', 'fafcb8fe-9be8-426e-be48-34606610abbb', '4a04f7ea-a1f0-4b4d-a644-34c1e9e44c6f', 'Harry Munden', '53b88938-8daf-4fe4-9679-86b0b37fc542', 'Xenio Clerk', '2026-02-28 09:47:04.032+00', '2026-02-28 09:47:04.032+00', false, NULL, false, NULL, false, '2026-02-28 20:02:41.287+00', NULL, NULL, 0, NULL, NULL, NULL, NULL, NULL, '2026-02-28 09:47:04.150445+00', '2026-02-28 20:02:41.351993+00');
INSERT INTO jobs (id, property_id, client_id, clerk_id, provider_id, inspection_type, inspection_types, scheduled_date, preferred_time_slot, status, service_tier, quoted_price, final_price, clerk_payout, clerk_bonus, clerk_final_payout, clerk_level_at_job, clerk_payout_locked, clerk_payout_breakdown, clerk_payout_log, margin, short_notice_surcharge_applied, special_instructions, organisation_id, created_by_user_id, created_by_name, assigned_by, assigned_by_name, policy_acknowledged_at, tier_acknowledged_at, client_pre_inspection_ack, client_pre_inspection_ack_at, client_report_accepted, client_report_accepted_at, clerk_report_submitted_ack, accepted_at, cancelled_at, cancelled_by, cancellation_fee, inventorybase_job_id, reschedule_requested_at, reschedule_requested_date, reschedule_requested_time_slot, reschedule_status, created_at, updated_at) VALUES ('1e3a952c-4b2f-4f7f-b46c-0b156c18c722', 'f35248b2-88d5-481b-b5d6-4be064b11f85', '4a04f7ea-a1f0-4b4d-a644-34c1e9e44c6f', '53b88938-8daf-4fe4-9679-86b0b37fc542', NULL, 'new_inventory', ARRAY['new_inventory','check_in']::text[], '2026-03-28', NULL, 'accepted', 'core', 160.00, NULL, 55, 0, 55, 1, false, '{"size": "2_bed", "tier": "core", "bundle": true, "services": [{"base": 35, "type": "new_inventory", "total": 35, "addOns": [], "addOnsTotal": 0}, {"base": 20, "type": "check_in", "total": 20, "addOns": [], "addOnsTotal": 0}], "grandTotal": 55}', '[{"payout": 55, "reason": "job_created", "timestamp": "2026-02-28T14:13:49.821Z"}]', 105, false, E'[Service tier: core]\n\n[Additional services: check_in]', 'fafcb8fe-9be8-426e-be48-34606610abbb', '4a04f7ea-a1f0-4b4d-a644-34c1e9e44c6f', 'Harry Munden', '53b88938-8daf-4fe4-9679-86b0b37fc542', 'Xenio Clerk', '2026-02-28 14:13:49.82+00', '2026-02-28 14:13:49.82+00', false, NULL, false, NULL, false, '2026-02-28 20:02:44.394+00', NULL, NULL, 0, NULL, NULL, NULL, NULL, NULL, '2026-02-28 14:13:49.954918+00', '2026-02-28 20:02:44.452983+00');
INSERT INTO jobs (id, property_id, client_id, clerk_id, provider_id, inspection_type, inspection_types, scheduled_date, preferred_time_slot, status, service_tier, quoted_price, final_price, clerk_payout, clerk_bonus, clerk_final_payout, clerk_level_at_job, clerk_payout_locked, clerk_payout_breakdown, clerk_payout_log, margin, short_notice_surcharge_applied, special_instructions, organisation_id, created_by_user_id, created_by_name, assigned_by, assigned_by_name, policy_acknowledged_at, tier_acknowledged_at, client_pre_inspection_ack, client_pre_inspection_ack_at, client_report_accepted, client_report_accepted_at, clerk_report_submitted_ack, accepted_at, cancelled_at, cancelled_by, cancellation_fee, inventorybase_job_id, reschedule_requested_at, reschedule_requested_date, reschedule_requested_time_slot, reschedule_status, created_at, updated_at) VALUES ('55ff61b0-d62d-4d4c-baae-e88c13dd0e08', '83162f9a-703f-43ff-9aad-c6b5ee0894d6', 'f6947d7f-1b12-4d25-a8d0-fc4792905ed3', '913bab42-f544-481b-bb19-5f53720d75d4', NULL, 'new_inventory', ARRAY['new_inventory','check_in']::text[], '2026-03-06', 'morning', 'cancelled', 'core', 160.00, NULL, 55, 0, 55, 1, false, '{"size": "2_bed", "tier": "core", "bundle": true, "services": [{"base": 35, "type": "new_inventory", "total": 35, "addOns": [], "addOnsTotal": 0}, {"base": 20, "type": "check_in", "total": 20, "addOns": [], "addOnsTotal": 0}], "grandTotal": 55}', '[{"payout": 55, "reason": "job_created", "timestamp": "2026-03-03T16:38:02.140Z"}]', 105, false, E'[Service tier: core]\n\n[Additional services: check_in]', '55f47eed-a1c1-4ad1-bf38-5016da8156d0', 'f6947d7f-1b12-4d25-a8d0-fc4792905ed3', 'LISTD Admin', '913bab42-f544-481b-bb19-5f53720d75d4', 'Liam Rodd', '2026-03-03 16:38:02.139+00', '2026-03-03 16:38:02.139+00', false, NULL, false, NULL, false, '2026-03-03 18:03:20.784+00', NULL, NULL, 0, NULL, NULL, NULL, NULL, NULL, '2026-03-03 16:38:02.390964+00', '2026-03-13 18:26:44.233386+00');
INSERT INTO jobs (id, property_id, client_id, clerk_id, provider_id, inspection_type, inspection_types, scheduled_date, preferred_time_slot, status, service_tier, quoted_price, final_price, clerk_payout, clerk_bonus, clerk_final_payout, clerk_level_at_job, clerk_payout_locked, clerk_payout_breakdown, clerk_payout_log, margin, short_notice_surcharge_applied, special_instructions, organisation_id, created_by_user_id, created_by_name, assigned_by, assigned_by_name, policy_acknowledged_at, tier_acknowledged_at, client_pre_inspection_ack, client_pre_inspection_ack_at, client_report_accepted, client_report_accepted_at, clerk_report_submitted_ack, accepted_at, cancelled_at, cancelled_by, cancellation_fee, inventorybase_job_id, reschedule_requested_at, reschedule_requested_date, reschedule_requested_time_slot, reschedule_status, created_at, updated_at) VALUES ('f152c645-5e84-4ff7-8b1c-f938923e200f', 'bf32942f-8638-4810-a4cc-d06fbe74d006', '98fc680c-0fa7-4be7-bf62-7df7ce22f405', '913bab42-f544-481b-bb19-5f53720d75d4', NULL, 'new_inventory', ARRAY['new_inventory','check_in']::text[], '2026-03-13', NULL, 'accepted', 'core', 150.00, NULL, 50, 0, 50, 1, false, '{"size": "1_bed", "tier": "core", "bundle": true, "services": [{"base": 30, "type": "new_inventory", "total": 30, "addOns": [], "addOnsTotal": 0}, {"base": 20, "type": "check_in", "total": 20, "addOns": [], "addOnsTotal": 0}], "grandTotal": 50}', '[{"payout": 50, "reason": "job_created", "timestamp": "2026-03-06T11:22:50.910Z"}]', 100, false, E'[Service tier: core]\n\n[Additional services: check_in]', 'f2a0ca3a-e9a6-4631-a979-eaa7634a799a', '98fc680c-0fa7-4be7-bf62-7df7ce22f405', 'Leah rawlings', '913bab42-f544-481b-bb19-5f53720d75d4', 'Liam Rodd', '2026-03-06 11:22:50.91+00', '2026-03-06 11:22:50.91+00', false, NULL, false, NULL, false, '2026-03-06 14:15:50.742+00', NULL, NULL, 0, NULL, NULL, NULL, NULL, NULL, '2026-03-06 11:22:51.210531+00', '2026-03-06 14:15:50.97843+00');
INSERT INTO jobs (id, property_id, client_id, clerk_id, provider_id, inspection_type, inspection_types, scheduled_date, preferred_time_slot, status, service_tier, quoted_price, final_price, clerk_payout, clerk_bonus, clerk_final_payout, clerk_level_at_job, clerk_payout_locked, clerk_payout_breakdown, clerk_payout_log, margin, short_notice_surcharge_applied, special_instructions, organisation_id, created_by_user_id, created_by_name, assigned_by, assigned_by_name, policy_acknowledged_at, tier_acknowledged_at, client_pre_inspection_ack, client_pre_inspection_ack_at, client_report_accepted, client_report_accepted_at, clerk_report_submitted_ack, accepted_at, cancelled_at, cancelled_by, cancellation_fee, inventorybase_job_id, reschedule_requested_at, reschedule_requested_date, reschedule_requested_time_slot, reschedule_status, created_at, updated_at) VALUES ('7f15ea4f-e8d7-4604-82de-6ff0c15dab91', '0bdab035-d231-4780-afe9-b1f284412ead', 'f6947d7f-1b12-4d25-a8d0-fc4792905ed3', NULL, NULL, 'new_inventory', ARRAY['new_inventory','check_in']::text[], '2026-03-12', 'morning', 'cancelled', 'core', 170.00, NULL, 55, 0, 55, 1, false, '{"size": "2_bed", "tier": "core", "bundle": true, "services": [{"base": 35, "type": "new_inventory", "total": 35, "addOns": [], "addOnsTotal": 0}, {"base": 20, "type": "check_in", "total": 20, "addOns": [], "addOnsTotal": 0}], "grandTotal": 55}', '[{"payout": 55, "reason": "job_created", "timestamp": "2026-03-06T17:53:34.567Z"}]', 115, false, E'[Service tier: core]\n\n[Additional services: check_in]\n\njet 2222', '55f47eed-a1c1-4ad1-bf38-5016da8156d0', 'f6947d7f-1b12-4d25-a8d0-fc4792905ed3', 'LISTD Admin', NULL, NULL, '2026-03-06 17:53:34.567+00', '2026-03-06 17:53:34.567+00', false, NULL, false, NULL, false, NULL, NULL, NULL, 0, NULL, NULL, NULL, NULL, NULL, '2026-03-06 17:53:35.074295+00', '2026-03-13 18:26:44.233386+00');
INSERT INTO jobs (id, property_id, client_id, clerk_id, provider_id, inspection_type, inspection_types, scheduled_date, preferred_time_slot, status, service_tier, quoted_price, final_price, clerk_payout, clerk_bonus, clerk_final_payout, clerk_level_at_job, clerk_payout_locked, clerk_payout_breakdown, clerk_payout_log, margin, short_notice_surcharge_applied, special_instructions, organisation_id, created_by_user_id, created_by_name, assigned_by, assigned_by_name, policy_acknowledged_at, tier_acknowledged_at, client_pre_inspection_ack, client_pre_inspection_ack_at, client_report_accepted, client_report_accepted_at, clerk_report_submitted_ack, accepted_at, cancelled_at, cancelled_by, cancellation_fee, inventorybase_job_id, reschedule_requested_at, reschedule_requested_date, reschedule_requested_time_slot, reschedule_status, created_at, updated_at) VALUES ('17d3f35f-eed5-4b52-873d-366a2cc7a358', '5a6b874c-3bc5-4088-9c83-ad7c667235eb', '98fc680c-0fa7-4be7-bf62-7df7ce22f405', '53b88938-8daf-4fe4-9679-86b0b37fc542', NULL, 'new_inventory', ARRAY['new_inventory','check_in']::text[], '2026-03-21', NULL, 'accepted', 'core', 140.00, NULL, 50, 0, 50, 1, false, '{"size": "1_bed", "tier": "core", "bundle": true, "services": [{"base": 30, "type": "new_inventory", "total": 30, "addOns": [], "addOnsTotal": 0}, {"base": 20, "type": "check_in", "total": 20, "addOns": [], "addOnsTotal": 0}], "grandTotal": 50}', '[{"payout": 50, "reason": "job_created", "timestamp": "2026-03-10T14:42:12.322Z"}]', 90, false, E'[Service tier: core]\n\n[Additional services: check_in]', 'f2a0ca3a-e9a6-4631-a979-eaa7634a799a', '98fc680c-0fa7-4be7-bf62-7df7ce22f405', 'Leah rawlings', '53b88938-8daf-4fe4-9679-86b0b37fc542', 'Xenio Clerk', '2026-03-10 14:42:12.322+00', '2026-03-10 14:42:12.322+00', false, NULL, false, NULL, false, '2026-03-10 16:55:26.511+00', NULL, NULL, 0, NULL, NULL, NULL, NULL, NULL, '2026-03-10 14:42:12.410916+00', '2026-03-10 16:55:26.603519+00');
INSERT INTO jobs (id, property_id, client_id, clerk_id, provider_id, inspection_type, inspection_types, scheduled_date, preferred_time_slot, status, service_tier, quoted_price, final_price, clerk_payout, clerk_bonus, clerk_final_payout, clerk_level_at_job, clerk_payout_locked, clerk_payout_breakdown, clerk_payout_log, margin, short_notice_surcharge_applied, special_instructions, organisation_id, created_by_user_id, created_by_name, assigned_by, assigned_by_name, policy_acknowledged_at, tier_acknowledged_at, client_pre_inspection_ack, client_pre_inspection_ack_at, client_report_accepted, client_report_accepted_at, clerk_report_submitted_ack, accepted_at, cancelled_at, cancelled_by, cancellation_fee, inventorybase_job_id, reschedule_requested_at, reschedule_requested_date, reschedule_requested_time_slot, reschedule_status, created_at, updated_at) VALUES ('74dd0a04-4e21-4186-8395-8b00e0b677c2', 'a30c3f26-a935-4943-a1d0-6d4a1cc52165', 'f6947d7f-1b12-4d25-a8d0-fc4792905ed3', NULL, NULL, 'new_inventory', ARRAY['new_inventory','check_in']::text[], '2026-03-14', 'evening', 'published', 'core', 160.00, NULL, 55, 0, 55, 1, false, '{"size": "studio", "tier": "core", "bundle": true, "services": [{"base": 25, "type": "new_inventory", "total": 30, "addOns": [{"label": "Communal Area", "total": 5, "quantity": 1, "unitPrice": 5}], "addOnsTotal": 5}, {"base": 20, "type": "check_in", "total": 25, "addOns": [{"label": "Communal Area", "total": 5, "quantity": 1, "unitPrice": 5}], "addOnsTotal": 5}], "grandTotal": 55}', '[{"payout": 55, "reason": "job_created", "timestamp": "2026-03-12T21:23:04.679Z"}]', 105, false, E'[Service tier: core]\n\n[Additional services: check_in]', '55f47eed-a1c1-4ad1-bf38-5016da8156d0', 'f6947d7f-1b12-4d25-a8d0-fc4792905ed3', 'LISTD Admin', NULL, NULL, '2026-03-12 21:23:04.678+00', '2026-03-12 21:23:04.678+00', false, NULL, false, NULL, false, NULL, NULL, NULL, 0, NULL, NULL, NULL, NULL, NULL, '2026-03-12 21:23:04.829529+00', '2026-03-13 18:26:44.233386+00');

-- ── TENANT_DETAILS ──
INSERT INTO tenant_details (id, job_id, full_name, email, phone, tenant_order, tenant_token, created_at, updated_at) VALUES ('cd95482f-06af-4cd6-8743-ea4fd5d70034', '0a9689ee-f989-4897-a12d-c15061d9d929', 'Levinous Godjo', 'Levinous@gmail.com', '07378421885', 1, NULL, '2026-02-23 19:34:32.867248+00', '2026-02-23 19:34:32.867248+00');
INSERT INTO tenant_details (id, job_id, full_name, email, phone, tenant_order, tenant_token, created_at, updated_at) VALUES ('b0b606f7-38bf-4d1f-a3ff-9c6d749ed47b', '845d36ae-a81c-422d-a2a5-7a041ccd65f0', 'Thandanani Chakavarika ', 'thandananichaka@gmail.com', '07770171750', 1, NULL, '2026-02-24 11:20:47.429035+00', '2026-02-24 11:20:47.429035+00');
INSERT INTO tenant_details (id, job_id, full_name, email, phone, tenant_order, tenant_token, created_at, updated_at) VALUES ('31461b1c-2cbf-45bb-84e1-85e66d8dd2b2', '845d36ae-a81c-422d-a2a5-7a041ccd65f0', 'Pambana Simango ', 'pambana.s@gmail.com', '07846665203', 2, NULL, '2026-02-24 11:20:47.429035+00', '2026-02-24 11:20:47.429035+00');
INSERT INTO tenant_details (id, job_id, full_name, email, phone, tenant_order, tenant_token, created_at, updated_at) VALUES ('ecd191df-813f-4eaf-b1ff-3f74b143ae8e', '88610906-8db8-42c5-9643-89346bca0af9', 'Tony Tone', 'Levinous@gmail.com', '07378421885', 1, NULL, '2026-02-25 09:22:29.887987+00', '2026-02-25 09:22:29.887987+00');
INSERT INTO tenant_details (id, job_id, full_name, email, phone, tenant_order, tenant_token, created_at, updated_at) VALUES ('7b23a352-59e2-48a6-b49f-ce24d7f7d3fd', '88610906-8db8-42c5-9643-89346bca0af9', 'Levinous', 'xenio@gmail.com', '07378421885', 2, NULL, '2026-02-25 09:22:29.887987+00', '2026-02-25 09:22:29.887987+00');
INSERT INTO tenant_details (id, job_id, full_name, email, phone, tenant_order, tenant_token, created_at, updated_at) VALUES ('efab74d5-6ee5-4378-8d7a-cee329886072', 'a24b53d6-803f-464f-a4d2-97b023c86107', 'Levinous Godjo', 'Levinous@gmail.com', '07378421885', 1, NULL, '2026-02-25 18:20:21.888204+00', '2026-02-25 18:20:21.888204+00');
INSERT INTO tenant_details (id, job_id, full_name, email, phone, tenant_order, tenant_token, created_at, updated_at) VALUES ('25bb869d-14ea-4509-8e3c-7cc7df885855', '90220a5d-15c7-48d4-b0f1-74af0cf628f4', 'Ashish Gupta', 'nestingbox44@gmail.com', '07438856591', 1, NULL, '2026-02-26 09:34:59.327045+00', '2026-02-26 09:34:59.327045+00');
INSERT INTO tenant_details (id, job_id, full_name, email, phone, tenant_order, tenant_token, created_at, updated_at) VALUES ('0361f5e5-1280-4a5e-9e03-e6e5a7b19e20', '90220a5d-15c7-48d4-b0f1-74af0cf628f4', 'Aarti Mahendru', 'aartimahendru11@gmail.com', '07438 279735', 2, NULL, '2026-02-26 09:34:59.327045+00', '2026-02-26 09:34:59.327045+00');
INSERT INTO tenant_details (id, job_id, full_name, email, phone, tenant_order, tenant_token, created_at, updated_at) VALUES ('03b16805-9b44-4f3e-a57a-20334b8b8ce7', 'e5150394-481a-41f7-a58d-8c47dace5f62', 'Whitney Lewis', 'whitneylewis1998@yahoo.co.uk', '07598255926', 1, NULL, '2026-02-26 11:03:35.100461+00', '2026-02-26 11:03:35.100461+00');
INSERT INTO tenant_details (id, job_id, full_name, email, phone, tenant_order, tenant_token, created_at, updated_at) VALUES ('e231743a-18a3-4930-b853-193f4febb7b8', 'e5150394-481a-41f7-a58d-8c47dace5f62', 'Marvin hanny woko', 'marvin2hanny@gmail.com', '07851673260', 2, NULL, '2026-02-26 11:03:35.100461+00', '2026-02-26 11:03:35.100461+00');
INSERT INTO tenant_details (id, job_id, full_name, email, phone, tenant_order, tenant_token, created_at, updated_at) VALUES ('74781ea4-a42b-46c6-bc3d-75a041b00939', '86f484ed-bde9-4a00-b878-b9b0e16c7df4', 'Timothy Barlow', 'timbarlow@live.co.uk', '07763942715', 1, NULL, '2026-02-26 12:42:49.350271+00', '2026-02-26 12:42:49.350271+00');
INSERT INTO tenant_details (id, job_id, full_name, email, phone, tenant_order, tenant_token, created_at, updated_at) VALUES ('fff2ba71-d06e-4852-9730-592341de8423', '86f484ed-bde9-4a00-b878-b9b0e16c7df4', 'Emma Johnson', 'emmajohnson155@gmail.com', '07563864154', 2, NULL, '2026-02-26 12:42:49.350271+00', '2026-02-26 12:42:49.350271+00');
INSERT INTO tenant_details (id, job_id, full_name, email, phone, tenant_order, tenant_token, created_at, updated_at) VALUES ('034e12f6-b489-4ceb-8ffe-8356f1c0ec0e', '17411a85-008a-4ae9-b113-4ad35d166203', 'Bethany chamberlain', 'beth.chamberlain206@yahoo.com', '07752584734', 1, NULL, '2026-02-26 16:04:24.744878+00', '2026-02-26 16:04:24.744878+00');
INSERT INTO tenant_details (id, job_id, full_name, email, phone, tenant_order, tenant_token, created_at, updated_at) VALUES ('9b38e3cc-b2cf-4955-9d9e-21df2bc970b1', '53b4bc89-0164-44ae-b100-05f601fb509f', 'Dalia Abdelaziz', 'dr_dalia2010@live.com', '07377508342', 1, NULL, '2026-02-28 09:47:06.179002+00', '2026-02-28 09:47:06.179002+00');
INSERT INTO tenant_details (id, job_id, full_name, email, phone, tenant_order, tenant_token, created_at, updated_at) VALUES ('afb04223-8f7a-4381-aea4-ba17ad43930d', '1e3a952c-4b2f-4f7f-b46c-0b156c18c722', 'Kapil Sharma ', 'kapil24021990@gmail.com', '07776 687485', 1, NULL, '2026-02-28 14:13:52.566161+00', '2026-02-28 14:13:52.566161+00');
INSERT INTO tenant_details (id, job_id, full_name, email, phone, tenant_order, tenant_token, created_at, updated_at) VALUES ('2f7787ce-1bcb-41f9-a902-dd41792e9268', '1e3a952c-4b2f-4f7f-b46c-0b156c18c722', 'Pooja Bisht', 'Pooja19930812@gmail.com', '07776687486', 2, NULL, '2026-02-28 14:13:52.566161+00', '2026-02-28 14:13:52.566161+00');
INSERT INTO tenant_details (id, job_id, full_name, email, phone, tenant_order, tenant_token, created_at, updated_at) VALUES ('e1fd9e2b-8fb2-4612-867d-8af69c25e922', '55ff61b0-d62d-4d4c-baae-e88c13dd0e08', 'Levinous Godjo', 'Levinous@gmail.com', '07378421885', 1, NULL, '2026-03-03 16:38:06.647046+00', '2026-03-03 16:38:06.647046+00');
INSERT INTO tenant_details (id, job_id, full_name, email, phone, tenant_order, tenant_token, created_at, updated_at) VALUES ('8f5d0cb8-1ff4-4b15-bc8b-4e9ddd6f5551', 'f152c645-5e84-4ff7-8b1c-f938923e200f', 'Keita Liana Birkenfelde', 'kbirkenfelde@gmail.com', '07413 960679', 1, NULL, '2026-03-06 11:22:53.38279+00', '2026-03-06 11:22:53.38279+00');
INSERT INTO tenant_details (id, job_id, full_name, email, phone, tenant_order, tenant_token, created_at, updated_at) VALUES ('d40387a7-4fe9-4b0f-81d9-d59af1b23687', 'f152c645-5e84-4ff7-8b1c-f938923e200f', 'Shaun Thomas Reay', 'Shaunreay79@gmail.com', '+44 7500 561742', 2, NULL, '2026-03-06 11:22:53.38279+00', '2026-03-06 11:22:53.38279+00');
INSERT INTO tenant_details (id, job_id, full_name, email, phone, tenant_order, tenant_token, created_at, updated_at) VALUES ('a32b7cbc-3c31-4393-8d7b-23c4230c79a1', '7f15ea4f-e8d7-4604-82de-6ff0c15dab91', 'sgdhnfmg', 'dizfgd`@gmail.com', '0737842185364285', 1, NULL, '2026-03-06 17:53:37.614679+00', '2026-03-06 17:53:37.614679+00');
INSERT INTO tenant_details (id, job_id, full_name, email, phone, tenant_order, tenant_token, created_at, updated_at) VALUES ('846b1875-3e68-4676-b645-a250b637ea23', '17d3f35f-eed5-4b52-873d-366a2cc7a358', 'Stephanie Zabonas ', 'Srzabonas@gmail.com', '07375246982', 1, NULL, '2026-03-10 14:42:14.208174+00', '2026-03-10 14:42:14.208174+00');
INSERT INTO tenant_details (id, job_id, full_name, email, phone, tenant_order, tenant_token, created_at, updated_at) VALUES ('08578d4a-8c91-4919-9e5a-49bfbcbd9b88', '74dd0a04-4e21-4186-8395-8b00e0b677c2', 'Levinous Godjo', 'Levinous@gmail.com', '07378421885', 1, NULL, '2026-03-12 21:23:08.894685+00', '2026-03-12 21:23:08.894685+00');

-- ── GENERATED_REPORTS ── (empty — no records found)

-- ── NOTIFICATIONS ──
INSERT INTO notifications (id, user_id, type, title, message, link, read, created_at) VALUES ('8ee60122-ef53-4063-a70f-f58e201f9285', '53b88938-8daf-4fe4-9679-86b0b37fc542', 'job', 'Job Assigned to You', 'new_inventory at Doe Street, Bristol', '/dashboard/jobs/96b50b7b-c7c7-4d2d-86ef-37364dbbf92b', true, '2026-02-18 11:40:20.817461+00');
INSERT INTO notifications (id, user_id, type, title, message, link, read, created_at) VALUES ('3bd27e9a-1c10-4ba0-ba43-47a159245f79', '53b88938-8daf-4fe4-9679-86b0b37fc542', 'job', 'Job Assigned to You', 'new_inventory at Doe Street, Bristol', '/dashboard/jobs/96b50b7b-c7c7-4d2d-86ef-37364dbbf92b', true, '2026-02-18 14:54:29.44339+00');
INSERT INTO notifications (id, user_id, type, title, message, link, read, created_at) VALUES ('246ffcc0-9e9f-4bb2-b535-757da5f48927', '53b88938-8daf-4fe4-9679-86b0b37fc542', 'payment', 'Report Accepted — Payment Processing', 'Your report for Flat 400 has been accepted. Payment will be released shortly.', '/dashboard/payments', true, '2026-02-18 15:08:05.613236+00');
INSERT INTO notifications (id, user_id, type, title, message, link, read, created_at) VALUES ('6deeef70-7802-4fb9-a029-0108723f7e93', '53b88938-8daf-4fe4-9679-86b0b37fc542', 'job', 'Job Assigned to You', 'New Inventory at St James, Bristol', '/dashboard/jobs/73746db7-e41b-41f0-a6b8-88451673394c', false, '2026-02-19 18:17:31.92906+00');
INSERT INTO notifications (id, user_id, type, title, message, link, read, created_at) VALUES ('fffe2d21-10a6-4ba6-a45c-ac31466baca6', '53b88938-8daf-4fe4-9679-86b0b37fc542', 'job', 'Job Assigned to You', 'New Inventory at 63 Graylag Crescent, Tewkesbury', '/dashboard/jobs/d8321242-4d1f-40c5-8baa-e528e3c31fe1', false, '2026-02-23 10:41:10.351473+00');
INSERT INTO notifications (id, user_id, type, title, message, link, read, created_at) VALUES ('8ae7934c-f8f6-4456-a39a-052a812cf5f5', '37c86d98-6465-4a9c-aa8f-f66744cded96', 'job', 'Your Clerk is Confirmed', 'A clerk has been assigned to your New Inventory at 63 Graylag Crescent, Tewkesbury', '/dashboard/jobs/d8321242-4d1f-40c5-8baa-e528e3c31fe1', true, '2026-02-23 10:41:10.351473+00');
INSERT INTO notifications (id, user_id, type, title, message, link, read, created_at) VALUES ('8e26eb93-c0bc-4a3a-9f3d-b19a3042df7d', '53b88938-8daf-4fe4-9679-86b0b37fc542', 'job', 'Client Confirmed Job Details', 'The client has verified property details for the New Inventory at 63 Graylag Crescent', '/dashboard/jobs/d8321242-4d1f-40c5-8baa-e528e3c31fe1', false, '2026-02-23 10:43:34.569223+00');
INSERT INTO notifications (id, user_id, type, title, message, link, read, created_at) VALUES ('df65e2f3-d215-4fae-a5be-09f3b6a98c4f', '53b88938-8daf-4fe4-9679-86b0b37fc542', 'job', 'Job Assigned to You', 'New Inventory at Doe Street, Bristol', '/dashboard/jobs/88d63a5f-78f5-4b61-a612-c7827c8c4da8', false, '2026-02-23 14:41:34.932934+00');
INSERT INTO notifications (id, user_id, type, title, message, link, read, created_at) VALUES ('dea61bed-f785-4e8d-9f93-eca78b39cb98', '53b88938-8daf-4fe4-9679-86b0b37fc542', 'job', 'Job Assigned to You', 'New Inventory at Flat 4, Bristol', '/dashboard/jobs/cd84453a-ad17-4931-9d7b-5c142768e8d7', false, '2026-02-23 14:41:41.014732+00');
INSERT INTO notifications (id, user_id, type, title, message, link, read, created_at) VALUES ('3434e70c-0927-4aaf-9178-b4b8fe954c2e', '98fc680c-0fa7-4be7-bf62-7df7ce22f405', 'job', 'Booking Updated', 'Status changed to accepted for 31 Corinthian Court', '/dashboard/jobs/845d36ae-a81c-422d-a2a5-7a041ccd65f0', false, '2026-02-24 14:22:05.012119+00');
INSERT INTO notifications (id, user_id, type, title, message, link, read, created_at) VALUES ('6b173d1e-13be-4c23-a5ea-da3de2a89808', '53b88938-8daf-4fe4-9679-86b0b37fc542', 'job', 'Job Assigned to You', 'New Inventory at 31 Corinthian Court, Bristol', '/dashboard/jobs/845d36ae-a81c-422d-a2a5-7a041ccd65f0', false, '2026-02-24 14:22:05.012119+00');
INSERT INTO notifications (id, user_id, type, title, message, link, read, created_at) VALUES ('dcd106b3-08aa-4932-a3e0-f3bea8749003', '98fc680c-0fa7-4be7-bf62-7df7ce22f405', 'job', 'Your Clerk is Confirmed', 'A clerk has been assigned to your New Inventory at 31 Corinthian Court, Bristol', '/dashboard/jobs/845d36ae-a81c-422d-a2a5-7a041ccd65f0', false, '2026-02-24 14:22:05.012119+00');
INSERT INTO notifications (id, user_id, type, title, message, link, read, created_at) VALUES ('5654e173-6d80-477b-abab-579ea0746504', '53b88938-8daf-4fe4-9679-86b0b37fc542', 'job', 'Job Assigned to You', 'New Inventory at Flat 400, Bristol', '/dashboard/jobs/88610906-8db8-42c5-9643-89346bca0af9', false, '2026-02-25 09:23:12.695868+00');
INSERT INTO notifications (id, user_id, type, title, message, link, read, created_at) VALUES ('d7b56cdd-55da-4128-907f-5506268f42ed', '53b88938-8daf-4fe4-9679-86b0b37fc542', 'job', 'Client Confirmed Job Details', 'The client has verified property details for the New Inventory at Flat 400', '/dashboard/jobs/88610906-8db8-42c5-9643-89346bca0af9', true, '2026-02-25 09:26:09.577071+00');
INSERT INTO notifications (id, user_id, type, title, message, link, read, created_at) VALUES ('02767189-4d76-403f-ad9a-c7f79dba7db5', '53b88938-8daf-4fe4-9679-86b0b37fc542', 'job', 'Job Assigned to You', 'New Inventory at Doe Street, Bristol', '/dashboard/jobs/a24b53d6-803f-464f-a4d2-97b023c86107', false, '2026-02-25 18:21:14.430282+00');
INSERT INTO notifications (id, user_id, type, title, message, link, read, created_at) VALUES ('f598f8f9-6c27-45de-82c1-bf45feb8aedf', '4a04f7ea-a1f0-4b4d-a644-34c1e9e44c6f', 'job', 'Booking Updated', 'Status changed to accepted for 9 Raphael Court', '/dashboard/jobs/90220a5d-15c7-48d4-b0f1-74af0cf628f4', false, '2026-02-26 09:37:05.567229+00');
INSERT INTO notifications (id, user_id, type, title, message, link, read, created_at) VALUES ('a0a7db02-99cd-4926-9d8c-50b13776fa10', '4a04f7ea-a1f0-4b4d-a644-34c1e9e44c6f', 'job', 'Your Clerk is Confirmed', 'A clerk has been assigned to your Check-In at 9 Raphael Court, Bristol', '/dashboard/jobs/90220a5d-15c7-48d4-b0f1-74af0cf628f4', false, '2026-02-26 09:37:05.567229+00');
INSERT INTO notifications (id, user_id, type, title, message, link, read, created_at) VALUES ('745e16f0-dfa9-48ff-b637-dc2234942614', '53b88938-8daf-4fe4-9679-86b0b37fc542', 'job', 'Job Assigned to You', 'Check-In at 9 Raphael Court, Bristol', '/dashboard/jobs/90220a5d-15c7-48d4-b0f1-74af0cf628f4', true, '2026-02-26 09:37:05.567229+00');
INSERT INTO notifications (id, user_id, type, title, message, link, read, created_at) VALUES ('2b0ffb15-ac68-4eb6-a9e1-391cdabc03a3', '53b88938-8daf-4fe4-9679-86b0b37fc542', 'job', 'Job Assigned to You', 'New Inventory at rgegeg, London', '/dashboard/jobs/519ccdef-338e-45b3-aee9-19fd5f9430e5', false, '2026-02-26 10:24:28.71202+00');
INSERT INTO notifications (id, user_id, type, title, message, link, read, created_at) VALUES ('db49cf24-8651-4192-8a4d-aed8b5eccc84', '53b88938-8daf-4fe4-9679-86b0b37fc542', 'job', 'Job Assigned to You', 'New Inventory at ttttttttt, London', '/dashboard/jobs/eb61e4b3-41f8-4849-90d3-0cee079919e3', false, '2026-02-26 11:11:23.851693+00');
INSERT INTO notifications (id, user_id, type, title, message, link, read, created_at) VALUES ('3174d29d-a395-44d3-83eb-f1551be91cce', '4a04f7ea-a1f0-4b4d-a644-34c1e9e44c6f', 'job', 'Booking Updated', 'Status changed to accepted for 211 Armidale Place ', '/dashboard/jobs/e5150394-481a-41f7-a58d-8c47dace5f62', false, '2026-02-26 11:11:26.431156+00');
INSERT INTO notifications (id, user_id, type, title, message, link, read, created_at) VALUES ('e12905c6-8c16-4ab6-9e03-3717c96ac599', '53b88938-8daf-4fe4-9679-86b0b37fc542', 'job', 'Job Assigned to You', 'Check-In at 211 Armidale Place , Bristol', '/dashboard/jobs/e5150394-481a-41f7-a58d-8c47dace5f62', false, '2026-02-26 11:11:26.431156+00');
INSERT INTO notifications (id, user_id, type, title, message, link, read, created_at) VALUES ('b8aec3c6-e121-437c-bf73-b54a2e8dbe61', '4a04f7ea-a1f0-4b4d-a644-34c1e9e44c6f', 'job', 'Your Clerk is Confirmed', 'A clerk has been assigned to your Check-In at 211 Armidale Place , Bristol', '/dashboard/jobs/e5150394-481a-41f7-a58d-8c47dace5f62', false, '2026-02-26 11:11:26.431156+00');
INSERT INTO notifications (id, user_id, type, title, message, link, read, created_at) VALUES ('2bd7cbfc-1fcd-4c18-bd27-c68c306104e9', '4a04f7ea-a1f0-4b4d-a644-34c1e9e44c6f', 'job', 'Booking Updated', 'Status changed to accepted for Garden Flat ', '/dashboard/jobs/86f484ed-bde9-4a00-b878-b9b0e16c7df4', false, '2026-02-26 14:00:26.651319+00');
INSERT INTO notifications (id, user_id, type, title, message, link, read, created_at) VALUES ('89b47275-a687-4941-9532-b877c57371c1', '53b88938-8daf-4fe4-9679-86b0b37fc542', 'job', 'Job Assigned to You', 'New Inventory at Garden Flat , Bristol', '/dashboard/jobs/86f484ed-bde9-4a00-b878-b9b0e16c7df4', false, '2026-02-26 14:00:26.651319+00');
INSERT INTO notifications (id, user_id, type, title, message, link, read, created_at) VALUES ('05802d9f-717c-447a-be06-47c1f69300db', '4a04f7ea-a1f0-4b4d-a644-34c1e9e44c6f', 'job', 'Your Clerk is Confirmed', 'A clerk has been assigned to your New Inventory at Garden Flat , Bristol', '/dashboard/jobs/86f484ed-bde9-4a00-b878-b9b0e16c7df4', false, '2026-02-26 14:00:26.651319+00');
INSERT INTO notifications (id, user_id, type, title, message, link, read, created_at) VALUES ('9591ce4b-18c4-4c08-9d1d-dafe01a8f755', '4a04f7ea-a1f0-4b4d-a644-34c1e9e44c6f', 'job', 'Booking Updated', 'Status changed to accepted for Flat 1', '/dashboard/jobs/17411a85-008a-4ae9-b113-4ad35d166203', false, '2026-02-26 17:59:54.72224+00');
INSERT INTO notifications (id, user_id, type, title, message, link, read, created_at) VALUES ('27cabe91-d460-4a75-ba1a-621bccda52bc', '53b88938-8daf-4fe4-9679-86b0b37fc542', 'job', 'Job Assigned to You', 'New Inventory at Flat 1, Bristol', '/dashboard/jobs/17411a85-008a-4ae9-b113-4ad35d166203', false, '2026-02-26 17:59:54.72224+00');
INSERT INTO notifications (id, user_id, type, title, message, link, read, created_at) VALUES ('c806fb53-5235-42a6-be43-2127e94a9de6', '4a04f7ea-a1f0-4b4d-a644-34c1e9e44c6f', 'job', 'Your Clerk is Confirmed', 'A clerk has been assigned to your New Inventory at Flat 1, Bristol', '/dashboard/jobs/17411a85-008a-4ae9-b113-4ad35d166203', false, '2026-02-26 17:59:54.72224+00');
INSERT INTO notifications (id, user_id, type, title, message, link, read, created_at) VALUES ('49001bee-15dc-4c82-8274-f574ba3f68e1', '4a04f7ea-a1f0-4b4d-a644-34c1e9e44c6f', 'job', 'Booking Updated', 'Status changed to accepted for 209 Kings Quarter Apartments', '/dashboard/jobs/53b4bc89-0164-44ae-b100-05f601fb509f', false, '2026-02-28 20:02:41.351993+00');
INSERT INTO notifications (id, user_id, type, title, message, link, read, created_at) VALUES ('581c0e01-a7c8-4992-8a78-77ff03e66b22', '53b88938-8daf-4fe4-9679-86b0b37fc542', 'job', 'Job Assigned to You', 'New Inventory at 209 Kings Quarter Apartments, Bristol', '/dashboard/jobs/53b4bc89-0164-44ae-b100-05f601fb509f', false, '2026-02-28 20:02:41.351993+00');
INSERT INTO notifications (id, user_id, type, title, message, link, read, created_at) VALUES ('9b2c21af-51e3-413e-8f06-4e4dc2522e37', '4a04f7ea-a1f0-4b4d-a644-34c1e9e44c6f', 'job', 'Your Clerk is Confirmed', 'A clerk has been assigned to your New Inventory at 209 Kings Quarter Apartments, Bristol', '/dashboard/jobs/53b4bc89-0164-44ae-b100-05f601fb509f', false, '2026-02-28 20:02:41.351993+00');
INSERT INTO notifications (id, user_id, type, title, message, link, read, created_at) VALUES ('c092addd-b1df-4c2c-89d0-72d6213ce86f', '4a04f7ea-a1f0-4b4d-a644-34c1e9e44c6f', 'job', 'Booking Updated', 'Status changed to accepted for TFF , 22 Cambridge Street', '/dashboard/jobs/1e3a952c-4b2f-4f7f-b46c-0b156c18c722', false, '2026-02-28 20:02:44.452983+00');
INSERT INTO notifications (id, user_id, type, title, message, link, read, created_at) VALUES ('eadfcf16-01e2-472b-beb5-3d441f14a8c8', '53b88938-8daf-4fe4-9679-86b0b37fc542', 'job', 'Job Assigned to You', 'New Inventory at TFF , 22 Cambridge Street, Bristol', '/dashboard/jobs/1e3a952c-4b2f-4f7f-b46c-0b156c18c722', false, '2026-02-28 20:02:44.452983+00');
INSERT INTO notifications (id, user_id, type, title, message, link, read, created_at) VALUES ('4cd8770d-75ae-45ca-9ce0-6b59473a94fb', '4a04f7ea-a1f0-4b4d-a644-34c1e9e44c6f', 'job', 'Your Clerk is Confirmed', 'A clerk has been assigned to your New Inventory at TFF , 22 Cambridge Street, Bristol', '/dashboard/jobs/1e3a952c-4b2f-4f7f-b46c-0b156c18c722', false, '2026-02-28 20:02:44.452983+00');
INSERT INTO notifications (id, user_id, type, title, message, link, read, created_at) VALUES ('bedd323e-08b9-4a22-b0d2-bb8331816e9a', '913bab42-f544-481b-bb19-5f53720d75d4', 'job', 'Job Assigned to You', 'New Inventory at Crawford Mead, London', '/dashboard/jobs/55ff61b0-d62d-4d4c-baae-e88c13dd0e08', false, '2026-03-03 18:03:21.009942+00');
INSERT INTO notifications (id, user_id, type, title, message, link, read, created_at) VALUES ('b169ad3e-8117-4f68-990f-2dd3d15a0f47', '98fc680c-0fa7-4be7-bf62-7df7ce22f405', 'job', 'Booking Updated', 'Status changed to accepted for 316', '/dashboard/jobs/f152c645-5e84-4ff7-8b1c-f938923e200f', false, '2026-03-06 14:15:50.97843+00');
INSERT INTO notifications (id, user_id, type, title, message, link, read, created_at) VALUES ('7b72e0e7-c45a-4035-b865-d7ec4d347f85', '913bab42-f544-481b-bb19-5f53720d75d4', 'job', 'Job Assigned to You', 'New Inventory at 316, Bristol', '/dashboard/jobs/f152c645-5e84-4ff7-8b1c-f938923e200f', false, '2026-03-06 14:15:50.97843+00');
INSERT INTO notifications (id, user_id, type, title, message, link, read, created_at) VALUES ('a5c5c97b-3cd4-4c02-a267-ef1780059611', '98fc680c-0fa7-4be7-bf62-7df7ce22f405', 'job', 'Your Clerk is Confirmed', 'A clerk has been assigned to your New Inventory at 316, Bristol', '/dashboard/jobs/f152c645-5e84-4ff7-8b1c-f938923e200f', true, '2026-03-06 14:15:50.97843+00');
INSERT INTO notifications (id, user_id, type, title, message, link, read, created_at) VALUES ('b7b3c9c3-75ea-4d38-be00-7055011e028a', '98fc680c-0fa7-4be7-bf62-7df7ce22f405', 'job', 'Booking Updated', 'Status changed to accepted for 23C Elgin Park ', '/dashboard/jobs/17d3f35f-eed5-4b52-873d-366a2cc7a358', false, '2026-03-10 16:55:26.603519+00');
INSERT INTO notifications (id, user_id, type, title, message, link, read, created_at) VALUES ('0190db9e-32a7-47e6-8d63-bd8106a4b274', '53b88938-8daf-4fe4-9679-86b0b37fc542', 'job', 'Job Assigned to You', 'New Inventory at 23C Elgin Park , Bristol', '/dashboard/jobs/17d3f35f-eed5-4b52-873d-366a2cc7a358', false, '2026-03-10 16:55:26.603519+00');
INSERT INTO notifications (id, user_id, type, title, message, link, read, created_at) VALUES ('3f31b0dd-b9c4-4a4b-962b-dd6575f68c93', '98fc680c-0fa7-4be7-bf62-7df7ce22f405', 'job', 'Your Clerk is Confirmed', 'A clerk has been assigned to your New Inventory at 23C Elgin Park , Bristol', '/dashboard/jobs/17d3f35f-eed5-4b52-873d-366a2cc7a358', false, '2026-03-10 16:55:26.603519+00');

-- ── CLERK_INVITATIONS ──
INSERT INTO clerk_invitations (id, provider_id, email, token, status, created_at, expires_at, accepted_at) VALUES ('577f5629-d959-4677-9cc2-889005dcb804', 'de1b3775-6de2-439f-8bbe-1432379ef348', 'roddliam@gmail.com', '08c2cc5d-b36b-4e06-8349-dd0398fa1081', 'pending', '2026-03-13 17:45:13.947636+00', '2026-03-20 17:45:13.947636+00', NULL);
INSERT INTO clerk_invitations (id, provider_id, email, token, status, created_at, expires_at, accepted_at) VALUES ('63bafba3-3790-4226-9222-73e984aeb397', 'de1b3775-6de2-439f-8bbe-1432379ef348', 'info@listd.co.uk', '34704c94-2ad9-4b2e-98f3-f93dd95691f2', 'pending', '2026-03-13 17:45:13.947636+00', '2026-03-20 17:45:13.947636+00', NULL);
INSERT INTO clerk_invitations (id, provider_id, email, token, status, created_at, expires_at, accepted_at) VALUES ('35865042-90ce-4ef3-89e2-613280861c6b', 'de1b3775-6de2-439f-8bbe-1432379ef348', 'xeniohomes@gmail.com', 'd2af9eb2-1b0c-459a-b759-b04a7c6f2793', 'pending', '2026-03-13 17:45:13.947636+00', '2026-03-20 17:45:13.947636+00', NULL);
